,titles,subtitles,authors,publishers
0,"A Guided Tour of Selections from Aristotle's Nicomachean Ethics",T 100037,Aristotle and Christopher Biffle,Mayfield Publishing Company (1991)
1,Berlin Noir,T 100009,Philip Kerr,Penguin (January 1, 1994)
2,Beyond the Curve,T 100045,Kobo Abe,Kodansha International (1991)
3,Bread Givers,T 100001,Anzia Yezierska,Persea Books (2003)
4,Children with Emotional and Behavioural Difficulties and Communication Problems,T 100034,Melanie Cross,Jessica Kingsley Publishers (2004)
5,Coming of age in Samoa: a psychological study of primitive youth for Western civilization,T 100003,Margaret Mead,P. Smith
6,Country of My Skull: Guilt, Sorrow, and the Limits of Forgiveness in the New South Africa,T 100004,Antjie Krog,Three River Press (2000)
7,Cry, the Beloved Country,T 100033,Alan Paton,Scribner (1987)
8,Dawning of Clear Light: A Western Approach to Tibetan Dark Retreat Meditation,T 100055,Martin Lowenthal,Hampton Roads Publishing Company, Incorporated (2003)
9,Democracy in America,T 100032,Alexis de Tocqueville,New American Library (1956)
10,Ever Since Darwin: Reflections in Natural History,T 100002,Stephen Jay Gould,W. W. Norton & Company (July 17, 1992)
11,Flatland : A Romance of Many Dimensions,T 100036,Edwin A. Abbott,Oxford University Press, UK (July 13, 2006)
12,Ghettoside,A True Story of Murder in America,Jill Leovy,Spiegel & Grau (2015)
13,Him with His Foot in His Mouth and Other Stories,T 100040,Saul Bellow,Harper & Row (1984)
14,Independence Day,T 100044',Richard Ford,Harvill Press (1996)
15,Lord of the Flies,T 100000,William Golding,Penguin (August 1, 1997)
16,Mediated: How The Media Shapes Your World and the Way You Live in It,T 100054,Thomas de Zengotita,Bloomsbury USA (March 2, 2005)
17,Meetings with Remarkable Men,T 100039,G. I. Gurdjieff,Arkana (1985)
18,Moneyball: The Art of Winning an Unfair Game,T 100059,Michael Lewis,W. W. Norton & Company (March 17, 2004)
19,Native Son,T 100048,Richard Wright,Harper Collins (April 29, 2008)
20,Oedipus the King,T 100049,Sophocles,University of Minnesota Press (1972)
21,Prisoner Without a Name, Cell Without a Number,T 100053,Jacobo Timerman,Vintage Books (1988)
22,Private Sector Participation in Water Supply and Sanitation in Latin America,T 100035,Emanuel Idelovitch and Klas Ringskog,World Bank Publications (January 1, 1995)
23,Salzburg,T 100046,Diana Burgwyn,Winter (1992)
24,"Sophie's World: A Novel About the History of Philosophy",T 100057,Jostein Gaarder,Farrar, Straus and Giroux (March 20, 2007)
25,"St. Peter's Fair",T 100041,Ellis Peters,Grand Central Publishing (November 1, 1992)
26,Taft 2012,T 100042,Jason Heller,Quirk Books (January 17, 2012)
27,"Tess of the D'Urbervilles: A Pure Woman",T 100047,Thomas Hardy,Penguin Books (1978)
28,The Battle for God,T 100030,Karen Armstrong,Ballantine Books (2001)
29,The Best American Essays 2002,T 100038,Stephen Jay Gould and Robert Atwan,Houghton Mifflin Company (2002)
30,The Flight from God,T 100031,Max Picard,Regnery Gateway (1989)
31,The Israel-Arab Reader: A Documentary History of the Middle East Conflict,T 100058,Walter Laqueur,Penguin Books (2008)
32,The Odyssey by Homer,T 100056,Homer,Independently Published (December 19, 2020)
33,The Oedipus Cycle,T 100050,Sophocles,Houghton Mifflin Harcourt (2002)
34,The Return of the Native',T 100043,Thomas Hardy,Bantam (1982)
35,The Road Less Traveled: A New Psychology of Love, Traditional Values, and Spiritual Growth,T 100051,Morgan Scott Peck,Simon and Schuster (1978)
36,The Wine-Dark Sea (Vol. Book 16) (Aubrey/Maturin Novels),T 100052,"Patrick O'Brian",W. W. Norton & Company (October 17, 1994)
37,The Wolfling,T 100007,Sterling North,Puffin Books (1992)
38,To Kill a Mockingbird,T 100006,Harper Lee,Grand Central Publishing (October 11, 1988)
39,Traveling Mercies: Some Thoughts on Faith,T 100005,Anne Lamott,Anchor Books (February 1, 2000)
